,position,title,snippet,highlighs,link,displayed_link
0,0,Kris Kashtanova,"I made a diagram for your to help you understand the relationship between Computer Science, Data Science, Artificial Intelligence (AI), ...","['Data Science, Artificial Intelligence']",https://mobile.twitter.com/icreatelife/status/1721311302100893706,https://mobile.twitter.com › icreatelife › status
1,1,Data Science and Artificial Intelligence Club,"Learn about Data Science, Artificial Intelligence and Machine Learning, through hands on experience, with @dsaic_dekut.","['Data Science, Artificial Intelligence']",https://twitter.com/dsaic_dekut,https://twitter.com › dsaic_dekut
2,2,EasyAsk Technologies,"Data science, artificial intelligence, and machine learning remain in-demand skills, with data science and machine learning at 100%+ demand.","['Data science, artificial intelligence']",https://twitter.com/EasyAskInc/status/1730210518487503063,https://twitter.com › EasyAskInc › status
3,3,Helen Margetts,"Delighted to share this newly published – open access – article on 'Data science, artificial intelligence and the third wave of Digital era ...","['Data science, artificial intelligence']",https://twitter.com/HelenMargetts/status/1710299995298009485,https://twitter.com › HelenMargetts › status
4,4,Kris Kashtanova,"... understand the relationship between Computer Science, Data Science, Artificial Intelligence (AI), Machine Learning (ML), and Deep Learning…","['Data Science, Artificial Intelligence']",https://twitter.com/icreatelife/status/1665821156945920002,https://twitter.com › icreatelife › status
5,5,Data Science Dojo,"Difference between data science, artificial intelligence, and machine learning Source: @CatherineAdenle #DatScience #ArtificialIntelligence ...","['data science, artificial intelligence']",https://twitter.com/DataScienceDojo/status/1534311741911441408,https://twitter.com › DataScienceDojo › status
6,6,DAIM at the University of Hull,"The official Twitter feed of the Centre of Excellence for Data Science, Artificial Intelligence and Modelling at the University of Hull, UK.","['Data Science, Artificial Intelligence']",https://twitter.com/daimhulluni,https://twitter.com › daimhulluni
7,7,Machine Learning FLX,"Learn online and advance your career with courses in programming, data science, artificial intelligence, digital marketing, and more. Gain ...","['data science, artificial intelligence']",https://mobile.twitter.com/machinelearnflx/status/1732751424440688682,https://mobile.twitter.com › machinelearnflx › status
8,8,Data Science Dojo,"Difference between data science, artificial intelligence, and machine learning Source: @CatherineAdenle #DatScience #ArtificialIntelligence ...","['data science, artificial intelligence']",https://twitter.com/datasciencedojo/status/1534311741911441408?lang=zh-Hant,https://twitter.com › datasciencedojo › status
